{
    "vnn_model_v2": {
        "Magnitude 1 Accuracy": 93.28999999999999,
        "Magnitude 2 Accuracy": 95.28999999999999,
        "Magnitude 3 Accuracy": 92.72,
        "Average Accuracy": 93.76666666666665,
        "Training Time elapsed time (seconds)": 363.6771492958069,
        "Total Params:": 41556,
        "Confusion Matrix": "[[2792.0, 12.0, 12.0, 1.0, 4.0, 18.0, 73.0, 10.0, 17.0, 1.0], [1.0, 3328.0, 15.0, 3.0, 4.0, 3.0, 11.0, 4.0, 36.0, 0.0], [14.0, 20.0, 2825.0, 53.0, 5.0, 5.0, 10.0, 71.0, 91.0, 2.0], [6.0, 4.0, 26.0, 2816.0, 3.0, 83.0, 11.0, 22.0, 47.0, 12.0], [3.0, 17.0, 6.0, 3.0, 2751.0, 6.0, 63.0, 17.0, 18.0, 62.0], [22.0, 4.0, 6.0, 53.0, 1.0, 2497.0, 58.0, 12.0, 15.0, 8.0], [29.0, 16.0, 6.0, 0.0, 5.0, 11.0, 2792.0, 1.0, 7.0, 7.0], [3.0, 27.0, 48.0, 10.0, 8.0, 1.0, 4.0, 2908.0, 44.0, 31.0], [24.0, 34.0, 9.0, 33.0, 14.0, 50.0, 19.0, 21.0, 2709.0, 9.0], [15.0, 26.0, 7.0, 19.0, 47.0, 57.0, 9.0, 66.0, 69.0, 2712.0]]"
    },
    "vnn_model_v3": {
        "Magnitude 1 Accuracy": 92.62,
        "Magnitude 2 Accuracy": 96.75,
        "Magnitude 3 Accuracy": 96.6,
        "Average Accuracy": 95.32333333333334,
        "Training Time elapsed time (seconds)": 375.0045573711395,
        "Total Params:": 195386,
        "Confusion Matrix": "[[2882.0, 3.0, 0.0, 2.0, 4.0, 2.0, 15.0, 4.0, 11.0, 17.0], [2.0, 3359.0, 7.0, 5.0, 7.0, 1.0, 7.0, 3.0, 13.0, 1.0], [17.0, 12.0, 2960.0, 39.0, 10.0, 0.0, 4.0, 27.0, 24.0, 3.0], [5.0, 3.0, 18.0, 2935.0, 4.0, 17.0, 0.0, 16.0, 21.0, 11.0], [4.0, 10.0, 3.0, 1.0, 2804.0, 1.0, 13.0, 2.0, 4.0, 104.0], [23.0, 2.0, 1.0, 179.0, 7.0, 2335.0, 19.0, 4.0, 74.0, 32.0], [24.0, 18.0, 2.0, 1.0, 26.0, 4.0, 2781.0, 0.0, 17.0, 1.0], [0.0, 15.0, 32.0, 55.0, 9.0, 0.0, 0.0, 2886.0, 6.0, 81.0], [46.0, 11.0, 13.0, 26.0, 11.0, 0.0, 7.0, 8.0, 2770.0, 30.0], [16.0, 15.0, 1.0, 11.0, 73.0, 4.0, 0.0, 11.0, 11.0, 2885.0]]"
    }
}